Time;temp_cell1;temp_cell2;temp_cell3;temp_cell4;temp_cell5;vol_cell1;vol_cell2;vol_cell3;vol_cell4;vol_cell5
7;28.2456656687872;39.6547324278708;33.3080097000292;5.75564233865861;16.2201225308613;4.04426779031309;4.08343457310843;4.10609452878274;4.1300133708834;4.13113095373128
23;28.2456656687872;39.6547324278708;33.3080097000292;5.75564233865861;16.2508511165831;4.04523122380265;4.04537252738112;4.05922027807097;4.12342348581485;4.12831772794178
39;28.2456656687872;39.6547324278708;33.3080097000292;5.75564233865861;16.2815797023049;4.04523122380265;4.04537252738112;4.05766593870782;4.1269046921571;4.12831772794178
55;28.2456656687872;39.6547324278708;33.3080097000292;5.75564233865861;16.3123082880269;4.0436768844395;4.04381818801797;4.05766593870782;4.1269046921571;4.12676338857864
72;28.2456656687872;39.6547324278708;33.3080097000292;5.75564233865861;12.4486874741755;4.04212254507635;4.04226384865482;4.05611159934468;4.12535035279396;4.12520904921549
87;28.2456656687872;39.6547324278708;33.3080097000292;5.75564233865861;13.7987498832296;4.04056820571321;4.04070950929167;4.05455725998153;4.12379601343081;4.12365470985234
97;28.2456656687872;39.6547324278708;33.3080097000292;5.75564233865861;13.7987498832296;4.04056820571321;4.04070950929167;4.05455725998153;4.12379601343081;4.12365470985234
103;29.0329269558772;39.6547324278708;33.3080097000292;5.75564233865861;16.4044940451926;4.03901386635006;4.03915516992853;4.05300292061838;4.12224167406766;4.1221003704892
113;29.0329269558772;39.6547324278708;33.3080097000292;5.75564233865861;16.4044940451926;4.03901386635006;4.03915516992853;4.05300292061838;4.12224167406766;4.1221003704892
119;29.0329269558772;39.6547324278708;33.3080097000292;5.75564233865861;16.4352226309144;4.03745952698691;4.03760083056538;4.05144858125524;4.12068733470452;4.12054603112605
129;30.3245433772124;39.6547324278708;33.3080097000292;5.75564233865861;16.4352226309144;4.03745952698691;4.03760083056538;4.05144858125524;4.12068733470452;4.12054603112605
135;30.3245433772124;39.6547324278708;33.3080097000292;5.75564233865861;16.4659512166363;4.03745952698691;4.03760083056538;4.05144858125524;4.12068733470452;4.12054603112605
145;31.7422485821091;39.6547324278708;33.3080097000292;5.75564233865861;16.4659512166363;4.03590518762376;4.03604649120223;4.04989424189209;4.11913299534137;4.1189916917629
151;31.7422485821091;39.6547324278708;33.3080097000292;5.75564233865861;16.7488573694809;4.03590518762376;4.03604649120223;4.04989424189209;4.11913299534137;4.1189916917629
157;31.7422485821091;39.6547324278708;33.3080097000292;5.75564233865861;16.7488573694809;4.03590518762376;4.03604649120223;4.04330435682354;4.11913299534137;4.1189916917629
157;42.5143638200049;39.6547324278708;33.3080097000292;5.75564233865861;16.7488573694809;4.03590518762376;4.03604649120223;4.04330435682354;4.11913299534137;4.1189916917629
159;86.9011075183382;39.6547324278708;33.3080097000292;5.75564233865861;16.7488573694809;4.03590518762376;4.03604649120223;4.04330435682354;4.11913299534137;4.1189916917629
160;130.800314269116;39.6547324278708;33.3080097000292;5.75564233865861;16.7488573694809;4.03590518762376;4.03604649120223;4.04330435682354;4.11140411779184;4.1189916917629
162;176.126095612032;39.6547324278708;33.3080097000292;5.75564233865861;16.7488573694809;4.01672643829171;4.02945660613368;4.04330435682354;4.11140411779184;4.11743735239975
166;226.256091796297;39.6547324278708;33.3080097000292;5.75564233865861;16.7488573694809;4.01672643829171;4.02945660613368;4.04330435682354;4.11140411779184;4.11743735239975
167;226.256091796297;39.6547324278708;33.3080097000292;5.75564233865861;16.3529887452609;4.01672643829171;4.02945660613368;4.04330435682354;4.11140411779184;4.11743735239975
171;270.351712075356;39.6547324278708;33.3080097000292;5.75564233865861;16.3529887452609;3.89495486810202;4.02945660613368;4.04330435682354;4.11140411779184;4.11743735239975
173;317.976075878919;39.6547324278708;33.3080097000292;5.75564233865861;16.3529887452609;3.27166478348003;4.02945660613368;4.04330435682354;4.11140411779184;4.11743735239975
174;317.976075878919;39.6547324278708;33.3080097000292;5.75564233865861;16.3529887452609;2.9670142683032;4.02945660613368;4.04330435682354;4.11140411779184;4.11743735239975
174;349.415764528987;39.6547324278708;33.3080097000292;5.75564233865861;16.3529887452609;2.66236375312637;4.02945660613368;4.04330435682354;4.11140411779184;4.11743735239975
174;374.936134321803;39.6547324278708;33.3080097000292;5.75564233865861;16.3529887452609;2.33271663491856;4.02945660613368;4.04330435682354;4.11140411779184;4.11743735239975
175;420.152968860796;39.6547324278708;33.3080097000292;5.75564233865861;16.3529887452609;2.02806611974173;4.02945660613368;4.04330435682354;4.11140411779184;4.11743735239975
176;470.362919228819;39.6547324278708;33.3080097000292;5.75564233865861;16.3529887452609;1.7234156045649;4.02945660613368;4.04330435682354;4.11140411779184;4.11743735239975
176;500.876404850664;39.6547324278708;33.3080097000292;5.75564233865861;16.3529887452609;1.41876508938807;4.02945660613368;4.04330435682354;4.11140411779184;4.11743735239975
179;550.352783176169;39.6547324278708;33.3080097000292;5.75564233865861;16.3529887452609;1.11411457421124;4.02945660613368;4.04330435682354;4.11140411779184;4.11743735239975
180;583.825056031429;39.6547324278708;33.3080097000292;5.75564233865861;16.3529887452609;0.809464059034414;4.02945660613368;4.04007150222526;4.11476543018872;4.11743735239975
181;583.825056031429;39.6547324278708;33.3080097000292;5.75564233865861;14.374611561109;0.504813543857582;4.02945660613368;4.04007150222526;4.11476543018872;4.10455303519945
195;583.825056031429;39.6547324278708;33.3080097000292;5.75564233865861;14.374611561109;0;4.02945660613368;4.04007150222526;4.11476543018872;4.10455303519945
199;594.317113159536;39.6547324278708;33.3080097000292;5.75564233865861;14.374611561109;0;4.02945660613368;4.04007150222526;4.11476543018872;4.10455303519945
199;594.317113159536;39.6547324278708;33.3080097000292;5.75564233865861;19.3628187978736;0;4.02945660613368;4.0590789744925;4.11446997725193;4.1004809229836
208;576.250692443297;39.6547324278708;33.3080097000292;5.75564233865861;19.3628187978736;0;4.02945660613368;4.0590789744925;4.11446997725193;4.1004809229836
208;607.596922738205;39.6547324278708;33.3080097000292;5.75564233865861;19.3628187978736;0;4.02945660613368;4.0590789744925;4.11446997725193;4.1004809229836
211;671.264177872354;39.6547324278708;33.3080097000292;5.75564233865861;19.3628187978736;0;4.02945660613368;4.0590789744925;4.11446997725193;4.1004809229836
212;671.264177872354;48.9091521145621;33.3080097000292;5.75564233865861;19.3628187978736;0;4.02945660613368;4.0590789744925;4.11446997725193;4.1004809229836
212;652.541390267391;48.9091521145621;33.3080097000292;5.75564233865861;19.3628187978736;0;4.02945660613368;4.0590789744925;4.11446997725193;4.1004809229836
214;652.541390267391;98.3429995056269;33.3080097000292;5.75564233865861;19.3628187978736;0;4.02945660613368;4.0590789744925;4.11446997725193;4.1004809229836
215;701.923344925599;124.800976933084;33.3080097000292;5.75564233865861;19.3628187978736;0;4.02945660613368;4.0590789744925;4.11446997725193;4.1004809229836
215;742.008365973646;124.800976933084;33.3080097000292;5.75564233865861;19.3935473835954;0;4.02945660613368;4.0590789744925;4.11446997725193;4.1004809229836
216;782.23208468361;124.800976933084;33.3080097000292;5.75564233865861;19.3935473835954;0;4.02945660613368;4.0590789744925;4.11446997725193;4.1004809229836
216;782.23208468361;124.800976933084;33.3080097000292;5.75564233865861;19.3935473835954;0;4.02945660613368;4.0590789744925;4.11446997725193;4.1004809229836
218;782.23208468361;158.852567152263;33.3080097000292;5.75564233865861;19.3935473835954;0;4.02945660613368;4.0590789744925;4.11446997725193;4.1004809229836
219;825.927435203201;158.852567152263;33.3080097000292;5.75564233865861;19.3935473835954;0;4.02945660613368;4.05248908942395;4.10536231933068;4.09892658362046
221;825.927435203201;220.053633187676;33.3080097000292;5.75564233865861;19.3935473835954;0;4.02945660613368;4.05248908942395;4.10536231933068;4.09892658362046
223;857.836277967599;220.053633187676;33.3080097000292;5.75564233865861;19.3935473835954;0;4.02945660613368;4.05248908942395;4.10536231933068;4.09892658362046
225;857.836277967599;258.765638504304;33.3080097000292;5.75564233865861;19.3935473835954;0;3.93197640566061;4.05248908942395;4.10536231933068;4.09892658362046
228;890.265935341136;258.765638504304;33.3080097000292;5.75564233865861;19.3935473835954;0;3.62704328332684;4.05248908942395;4.10536231933068;4.09892658362046
231;890.265935341136;258.765638504304;33.3080097000292;5.75564233865861;19.8025423200012;0;3.26397786881138;4.05248908942395;4.10536231933068;4.09892658362046
233;890.265935341136;253.826118117644;33.3080097000292;5.75564233865861;19.8025423200012;0;2.95733497317815;4.05248908942395;4.10536231933068;4.09892658362046
234;890.265935341136;277.963422202195;33.3080097000292;5.75564233865861;19.8025423200012;0;2.5694330996873;4.05248908942395;4.10536231933068;4.09892658362046
234;890.265935341136;329.35533111292;33.3080097000292;5.75564233865861;19.8025423200012;0;2.19323587261288;4.05248908942395;4.10536231933068;4.09892658362046
234;890.265935341136;371.720527501396;33.3080097000292;5.75564233865861;19.8025423200012;0;1.89543858099175;4.05248908942395;4.10536231933068;4.09892658362046
235;890.265935341136;399.461456638787;33.3080097000292;5.75564233865861;19.8025423200012;0;1.59078806581491;4.05248908942395;4.10536231933068;4.09892658362046
235;890.265935341136;443.04474093742;33.3080097000292;5.75564233865861;19.8025423200012;0;1.28613755063808;4.05248908942395;4.10536231933068;4.09892658362046
239;925.386153396524;443.04474093742;33.3080097000292;5.75564233865861;19.8025423200012;0;0.972302302860842;3.99554374730138;4.07873194719775;4.09892658362046
240;925.386153396524;488.491311864266;33.3080097000292;5.75564233865861;19.8025423200012;0;0.561320844886903;3.99554374730138;4.07873194719775;4.10114890353636
247;925.386153396524;488.491311864266;33.3080097000292;5.75564233865861;21.0941587413365;0;0.152812199536153;3.99554374730138;4.07873194719775;4.10114890353636
254;925.386153396524;508.203461521813;33.3080097000292;5.75564233865861;21.0941587413365;0;0;3.99554374730138;4.07873194719775;4.09581790489416
255;936.764872502766;508.203461521813;46.3258829925694;5.75564233865861;21.0941587413365;0;0;4.05441595640306;4.10980695916249;4.09581790489416
261;936.764872502766;508.203461521813;46.3258829925694;5.75564233865861;22.2554961174212;0;0;4.05441595640306;4.10980695916249;4.09581790489416
266;936.764872502766;537.352318586827;46.3258829925694;5.75564233865861;22.2554961174212;0;0;4.05441595640306;4.10980695916249;4.09581790489416
271;938.232733870308;537.352318586827;46.3258829925694;5.75564233865861;22.2554961174212;0;0;4.05441595640306;4.10980695916249;4.09581790489416
271;938.232733870308;537.352318586827;65.2702084632719;5.75564233865861;22.2554961174212;0;0;4.05441595640306;4.10980695916249;4.09581790489416
277;938.232733870308;564.170713867129;65.2702084632719;5.75564233865861;22.2554961174212;0;0;4.05286161703992;4.10825261979934;4.09581790489416
278;938.232733870308;564.170713867129;65.2702084632719;5.75564233865861;17.0479320068236;0;0;4.05286161703992;4.10825261979934;4.09426356553102
287;938.232733870308;564.170713867129;75.3275756333148;5.75564233865861;17.0479320068236;0;0;4.05286161703992;4.10825261979934;4.09426356553102
287;935.212951946183;564.170713867129;75.3275756333148;5.75564233865861;17.0479320068236;0;0;4.05286161703992;4.10825261979934;4.09426356553102
288;935.212951946183;567.674568092353;75.3275756333148;5.75564233865861;17.0479320068236;0;0;4.05286161703992;4.10825261979934;4.09426356553102
289;935.212951946183;622.364458845778;75.3275756333148;5.75564233865861;17.0479320068236;0;0;4.05286161703992;4.10825261979934;4.09426356553102
292;935.212951946183;622.364458845778;122.592569347407;5.75564233865861;17.0479320068236;0;0;4.05286161703992;4.10825261979934;4.09426356553102
293;935.212951946183;622.364458845778;169.567637691252;5.75564233865861;17.0479320068236;0;0;4.05286161703992;4.10825261979934;4.09426356553102
295;935.212951946183;622.364458845778;206.193418132097;5.75564233865861;17.0479320068236;0;0;4.05286161703992;4.10825261979934;4.09426356553102
296;935.212951946183;622.364458845778;206.193418132097;5.75564233865861;22.9095578738406;0;0;4.04627173197137;4.09914496187809;4.09426356553102
296;935.212951946183;622.364458845778;239.384381205301;5.75564233865861;22.9095578738406;0;0;4.04627173197137;4.09914496187809;4.09127049882347
299;935.212951946183;660.4919462383;239.384381205301;5.75564233865861;22.9095578738406;0;0;4.04627173197137;4.09914496187809;4.09127049882347
300;935.212951946183;660.4919462383;274.759548114519;5.75564233865861;22.9095578738406;0;0;3.79603529799555;4.09914496187809;4.09127049882347
302;935.212951946183;660.4919462383;304.815084692181;5.75564233865861;22.9095578738406;0;0;3.46127063518757;4.09914496187809;4.09127049882347
303;930.426530298303;660.4919462383;304.815084692181;5.75564233865861;22.9095578738406;0;0;3.11356020953228;4.09914496187809;4.09127049882347
306;930.426530298303;693.868544555551;361.872574479086;5.75564233865861;22.9095578738406;0;0;2.76876534771271;4.09914496187809;4.09127049882347
306;930.426530298303;693.868544555551;334.411135796374;5.75564233865861;22.9095578738406;0;0;2.44881165498781;4.09914496187809;4.09127049882347
306;930.426530298303;693.868544555551;406.257223046575;5.75564233865861;22.9095578738406;0;0;2.14416113981097;4.09914496187809;4.09127049882347
311;930.426530298303;731.689746795487;406.257223046575;5.75564233865861;22.9095578738406;0;0;1.83951062463414;4.09914496187809;4.09127049882347
312;930.426530298303;731.689746795487;450.549381110593;5.75564233865861;22.8562272705216;0;0;1.53486010945731;4.09914496187809;4.09127049882347
316;930.426530298303;768.726347476125;450.549381110593;5.75564233865861;22.8562272705216;0;0;1.19933005226596;4.09914496187809;4.10220482664091
319;924.152819705958;768.726347476125;450.549381110593;5.75564233865861;22.8562272705216;0;0;0.864544193921208;4.09914496187809;4.10220482664091
324;924.152819705958;803.416825625303;450.549381110593;5.75564233865861;22.8562272705216;0;0;0.525288432377584;4.09914496187809;4.10220482664091
328;924.152819705958;803.416825625303;460.667212381222;5.75564233865861;25.0304651767864;0;0;0.310860252052519;4.09914496187809;4.10220482664091
332;924.152819705958;835.8524192029;460.667212381222;5.75564233865861;25.0304651767864;0;0;0.0409595476727595;4.1035896017099;4.10220482664091
335;916.492132494438;835.8524192029;460.667212381222;5.75564233865861;25.0304651767864;0;0;0;4.1035896017099;4.10220482664091
336;916.492132494438;835.8524192029;460.667212381222;5.75564233865861;25.0304651767864;0;0;0;4.1035896017099;4.10344829813143
341;916.492132494438;835.8524192029;460.667212381222;50.6516298098747;25.0304651767864;0;0;0;4.1035896017099;4.10344829813143
344;916.492132494438;835.8524192029;490.454893887421;50.6516298098747;25.1872825460695;0;0;0;4.1035896017099;4.10344829813143
345;916.492132494438;867.715327810749;490.454893887421;50.6516298098747;25.1872825460695;0;0;0;4.1035896017099;4.10344829813143
351;907.948823797989;867.715327810749;490.454893887421;50.6516298098747;25.1872825460695;0;0;0;4.10203526234675;4.10344829813143
357;907.948823797989;867.715327810749;490.454893887421;64.4260358037831;25.1872825460695;0;0;0;4.10203526234675;4.10189395876828
359;907.948823797989;867.715327810749;490.454893887421;64.4260358037831;25.2166143778949;0;0;0;4.10203526234675;4.10189395876828
360;907.948823797989;867.715327810749;511.038094193642;64.4260358037831;25.2166143778949;0;0;0;4.10203526234675;4.10189395876828
361;907.948823797989;880.102757185483;511.038094193642;64.4260358037831;25.2166143778949;0;0;0;4.10203526234675;4.10189395876828
363;900.405844846651;880.102757185483;511.038094193642;64.4260358037831;25.2166143778949;0;0;0;4.10203526234675;4.10189395876828
373;900.405844846651;880.102757185483;492.654273363822;64.4260358037831;25.2166143778949;0;0;0;4.1004809229836;4.10189395876828
374;900.405844846651;880.102757185483;522.244271867797;65.9179564083551;25.2166143778949;0;0;0;4.1004809229836;4.10033961940514
374;900.405844846651;880.102757185483;522.244271867797;65.9179564083551;25.2166143778949;0;0;0;4.1004809229836;4.10033961940514
375;900.405844846651;880.102757185483;574.663456234219;65.9179564083551;25.2166143778949;0;0;0;4.1004809229836;4.10033961940514
375;900.405844846651;880.102757185483;610.551476255366;65.9179564083551;25.2166143778949;0;0;0;4.1004809229836;4.10033961940514
377;900.405844846651;896.373570988211;610.551476255366;65.9179564083551;25.2166143778949;0;0;0;4.1004809229836;4.10033961940514
378;900.405844846651;896.373570988211;610.551476255366;65.9179564083551;20.3985118120911;0;0;0;4.1004809229836;4.10033961940514
378;900.405844846651;896.373570988211;639.822549286319;65.9179564083551;20.3985118120911;0;0;0;4.1004809229836;4.10033961940514
378;900.405844846651;896.373570988211;685.946402757472;65.9179564083551;20.3985118120911;0;0;0;4.1004809229836;4.10033961940514
383;900.405844846651;896.373570988211;685.946402757472;93.2245615960412;20.3985118120911;0;0;0;4.1004809229836;4.10033961940514
384;900.405844846651;896.373570988211;685.946402757472;93.2245615960412;20.3985118120911;0;0;0;4.1004809229836;4.10033961940514
385;900.405844846651;896.373570988211;685.946402757472;123.111158673633;20.3985118120911;0;0;0;4.1004809229836;4.10033961940514
389;900.405844846651;896.373570988211;685.946402757472;171.10376767294;20.3985118120911;0;0;0;4.1004809229836;4.10033961940514
389;900.405844846651;896.373570988211;685.946402757472;205.580376195736;20.3985118120911;0;0;0;4.1004809229836;4.10033961940514
393;900.405844846651;896.373570988211;684.712279582251;205.580376195736;20.3985118120911;0;0;0;4.090114378636;4.10033961940514
393;900.405844846651;896.373570988211;684.712279582251;254.319824061576;20.3985118120911;0;0;0;4.090114378636;4.08367864292578
394;900.405844846651;906.152230052036;684.712279582251;254.319824061576;20.3985118120911;0;0;0;4.090114378636;4.08367864292578
394;900.405844846651;906.152230052036;684.712279582251;295.55074865748;20.3985118120911;0;0;0;4.090114378636;4.08367864292578
396;887.48295081907;906.152230052036;684.712279582251;295.55074865748;27.0530917964727;0;0;0;4.04361826962177;4.08367864292578
397;887.48295081907;906.152230052036;684.712279582251;295.55074865748;27.0530917964727;0;0;0;3.64520079315997;4.08367864292578
399;887.48295081907;906.152230052036;716.527908423421;295.55074865748;27.0530917964727;0;0;0;3.31635910534943;4.08367864292578
406;887.48295081907;906.152230052036;748.475615864988;225.69081140949;27.0530917964727;0;0;0;3.0117085901726;4.08367864292578
409;887.48295081907;907.430120191898;748.475615864988;225.69081140949;27.0530917964727;0;0;0;2.68483102210277;4.08367864292578
410;887.48295081907;907.430120191898;748.475615864988;225.69081140949;27.0530917964727;0;0;0;2.42641032768136;4.08367864292578
412;881.461417793847;907.430120191898;748.475615864988;235.45810600238;30.8664838890349;0;0;0;1.99244348760997;4.08367864292578
413;881.461417793847;907.430120191898;780.667440968807;264.724709420864;30.8664838890349;0;0;0;1.49942117197756;4.08367864292578
419;881.461417793847;907.430120191898;812.209216809218;267.455921989982;30.8664838890349;0;0;0;1.12827319277373;4.08367864292578
420;881.461417793847;907.430120191898;812.209216809218;292.186846480524;30.8664838890349;0;0;0;0.823622677596899;4.08367864292578
420;881.461417793847;907.430120191898;812.209216809218;293.449432188406;30.8664838890349;0;0;0;0.518972162420069;4.08367864292578
420;881.461417793847;907.430120191898;812.209216809218;293.449432188406;30.8664838890349;0;0;0;0.226784622864108;4.08367864292578
421;881.461417793847;907.430120191898;812.209216809218;323.019909393877;30.8664838890349;0;0;0;0;4.08367864292578
424;881.461417793847;907.430120191898;812.209216809218;323.019909393877;30.8664838890349;0;0;0;0;4.08367864292578
425;881.461417793847;907.46084877762;812.209216809218;325.152752593756;30.8664838890349;0;0;0;0;4.08367864292578
428;875.187707201502;907.46084877762;812.209216809218;336.571495048013;37.3277404363852;0;0;0;0;4.08367864292578
430;875.187707201502;907.46084877762;812.209216809218;355.6662382156;37.3277404363852;0;0;0;0;4.08367864292578
431;875.187707201502;907.46084877762;844.553719811682;378.182190377152;37.3277404363852;0;0;0;0;4.10952435200555
441;873.740416209526;907.46084877762;844.553719811682;388.557198505474;37.3277404363852;0;0;0;0;4.10952435200555
442;873.740416209526;906.735044661974;844.553719811682;421.786006958062;37.3277404363852;0;0;0;0;4.10952435200555
444;873.740416209526;906.735044661974;844.553719811682;421.786006958062;46.5629502220851;0;0;0;0;4.10952435200555
447;873.740416209526;906.735044661974;864.88474255078;421.786006958062;46.5629502220851;0;0;0;0;4.1079700126424
458;873.740416209526;903.865731225785;864.88474255078;444.08062018549;46.5629502220851;0;0;0;0;4.1079700126424
460;873.740416209526;903.865731225785;864.88474255078;444.08062018549;59.2025571639412;0;0;0;0;4.1079700126424
462;858.832396288084;903.865731225785;864.88474255078;444.08062018549;59.2025571639412;0;0;0;0;4.1079700126424
462;858.832396288084;903.865731225785;871.469915153408;444.08062018549;59.2025571639412;0;0;0;0;4.1079700126424
476;858.832396288084;903.865731225785;871.469915153408;443.616529656751;69.6703246658196;0;0;0;0;4.0925679225894
477;858.832396288084;905.162934662706;871.469915153408;443.616529656751;69.6703246658196;0;0;0;0;4.0925679225894
477;858.832396288084;905.162934662706;871.469915153408;443.616529656751;69.6703246658196;0;0;0;0;4.0925679225894
478;852.853513636892;905.162934662706;871.469915153408;437.80514460413;69.6703246658196;0;0;0;0;4.0925679225894
479;852.853513636892;905.162934662706;873.027093994609;437.80514460413;69.6703246658196;0;0;0;0;4.0925679225894
493;852.853513636892;905.162934662706;873.027093994609;437.80514460413;88.8948784723004;0;0;0;0;4.0771658325364
494;852.853513636892;895.571058831529;873.027093994609;437.80514460413;88.8948784723004;0;0;0;0;4.0771658325364
494;852.853513636892;895.571058831529;873.027093994609;437.80514460413;88.8948784723004;0;0;0;0;4.0771658325364
496;851.485428466882;895.571058831529;871.659633836697;434.94703694352;88.8948784723004;0;0;0;0;4.0771658325364
509;851.485428466882;892.11115834377;871.659633836697;434.94703694352;97.4996443401935;0;0;0;0;4.09323590314216
510;851.485428466882;892.11115834377;871.659633836697;434.94703694352;97.4996443401935;0;0;0;0;4.09323590314216
512;846.094339359466;892.11115834377;871.059918504612;434.94703694352;97.4996443401935;0;0;0;0;4.09323590314216
525;846.094339359466;887.980957071968;871.059918504612;434.94703694352;105.726143857402;0;0;0;0;4.09323590314216
526;846.094339359466;887.980957071968;871.059918504612;436.398359475151;105.726143857402;0;0;0;0;4.09323590314216
528;840.829339035612;887.980957071968;868.568871419107;436.398359475151;105.726143857402;0;0;0;0;4.10175265518982
541;840.829339035612;884.102933367288;868.568871419107;436.398359475151;105.726143857402;0;0;0;0;4.10175265518982
541;840.829339035612;884.102933367288;868.568871419107;436.050821710189;105.726143857402;0;0;0;0;4.10175265518982
541;840.829339035612;884.102933367288;868.568871419107;436.050821710189;113.985329532082;0;0;0;0;4.10175265518982
541;840.829339035612;884.102933367288;868.568871419107;436.050821710189;113.985329532082;0;0;0;0;4.10175265518982
541;840.829339035612;884.102933367288;868.568871419107;433.307597057562;113.985329532082;0;0;0;0;4.10175265518982
541;840.829339035612;884.102933367288;868.568871419107;433.307597057562;113.985329532082;0;0;0;0;4.10175265518982
542;840.829339035612;884.102933367288;868.568871419107;433.307597057562;113.985329532082;0;0;0;0;4.10175265518982
542;840.829339035612;884.102933367288;868.568871419107;433.734804213604;113.985329532082;0;0;0;0;4.10175265518982
544;835.81651627888;884.102933367288;867.590889736338;469.40251124962;113.985329532082;0;0;0;0;4.10175265518982
548;835.81651627888;884.102933367288;867.590889736338;495.0694936431;113.985329532082;0;0;0;0;4.10019831582667
549;835.81651627888;884.102933367288;867.590889736338;535.524375122927;113.985329532082;0;0;0;0;4.10019831582667
549;835.81651627888;884.102933367288;867.590889736338;564.282327330787;113.985329532082;0;0;0;0;4.10019831582667
550;835.81651627888;884.102933367288;867.590889736338;612.273075200876;113.985329532082;0;0;0;0;4.10019831582667
551;835.81651627888;884.102933367288;867.590889736338;612.273075200876;125.792323011089;0;0;0;0;4.10019831582667
553;835.81651627888;884.102933367288;867.590889736338;612.273075200876;165.363796450131;0;0;0;0;4.10019831582667
556;835.81651627888;884.102933367288;867.590889736338;660.211509094869;165.363796450131;0;0;0;0;4.10019831582667
556;835.81651627888;884.102933367288;867.590889736338;660.211509094869;216.226124004722;0;0;0;0;4.10019831582667
557;835.81651627888;881.35970871466;867.590889736338;660.211509094869;216.226124004722;0;0;0;0;4.01108285900623
559;835.81651627888;881.35970871466;867.590889736338;660.211509094869;257.45558311757;0;0;0;0;3.26435624839372
560;831.308048656394;881.35970871466;866.360730486447;660.211509094869;257.45558311757;0;0;0;0;3.58980979040055
563;831.308048656394;881.35970871466;866.360730486447;660.211509094869;290.52023973128;0;0;0;0;2.95148500502958
566;831.308048656394;881.35970871466;866.360730486447;676.799164375511;290.52023973128;0;0;0;0;2.53782819930331
568;831.308048656394;881.35970871466;866.360730486447;676.799164375511;322.627421548974;0;0;0;0;2.18971741350903
575;831.308048656394;887.337815391466;866.360730486447;676.799164375511;322.627421548974;0;0;0;0;1.8850668983322
575;831.308048656394;887.337815391466;866.360730486447;676.799164375511;357.975511386228;0;0;0;0;1.58041638315537
575;826.840989848918;887.337815391466;866.360730486447;676.799164375511;357.975511386228;0;0;0;0;1.27576586797854
577;826.840989848918;887.337815391466;866.360730486447;744.593325107388;357.975511386228;0;0;0;0;0.952237194718399
577;826.840989848918;887.337815391466;865.259453527909;744.593325107388;357.975511386228;0;0;0;0;0.557411445882624
583;826.840989848918;887.337815391466;865.259453527909;790.50523260652;357.975511386228;0;0;0;0;0.266542980828695
583;826.840989848918;887.337815391466;865.259453527909;790.50523260652;397.818175679614;0;0;0;0;0.00477496207893679
590;826.840989848918;877.955470280538;865.259453527909;790.50523260652;397.818175679614;0;0;0;0;0
592;823.174133968892;877.955470280538;865.259453527909;790.50523260652;397.818175679614;0;0;0;0;0
593;823.174133968892;877.955470280538;865.259453527909;790.50523260652;433.897027201863;0;0;0;0;0
596;823.174133968892;877.955470280538;861.765283189499;820.509033208228;433.897027201863;0;0;0;0;0
604;823.174133968892;877.955470280538;861.765283189499;820.509033208228;466.280766291055;0;0;0;0;0
605;823.174133968892;871.995235704726;861.765283189499;820.509033208228;466.280766291055;0;0;0;0;0
609;816.14628511043;871.995235704726;861.765283189499;820.509033208228;466.280766291055;0;0;0;0;0
612;816.14628511043;871.995235704726;859.148147320433;835.947811145146;466.280766291055;0;0;0;0;0
618;816.14628511043;871.995235704726;859.148147320433;835.947811145146;492.997493889468;0;0;0;0;0
621;816.14628511043;868.747655917853;859.148147320433;835.947811145146;492.997493889468;0;0;0;0;0
625;813.024794107118;868.747655917853;859.148147320433;835.947811145146;492.997493889468;0;0;0;0;0
628;813.024794107118;868.747655917853;858.170165637664;844.678665796601;492.997493889468;0;0;0;0;0
634;813.024794107118;868.747655917853;858.170165637664;844.678665796601;520.263399724439;0;0;0;0;0
637;813.024794107118;865.50007613098;858.170165637664;844.678665796601;520.263399724439;0;0;0;0;0
641;809.272859186;865.50007613098;858.170165637664;844.678665796601;520.263399724439;0;0;0;0;0
644;809.272859186;865.50007613098;858.224715226202;844.678665796601;520.263399724439;0;0;0;0;0
644;809.272859186;865.50007613098;858.224715226202;849.12250180697;520.263399724439;0;0;0;0;0
650;809.272859186;865.50007613098;858.224715226202;849.12250180697;531.768207614243;0;0;0;0;0
653;809.272859186;862.000318776984;858.224715226202;849.12250180697;531.768207614243;0;0;0;0;0
658;804.764391563513;862.000318776984;858.224715226202;849.12250180697;531.768207614243;0;0;0;0;0
659;804.764391563513;862.000318776984;858.224715226202;849.654792019144;531.768207614243;0;0;0;0;0
664;804.764391563513;862.000318776984;849.664848647198;849.654792019144;531.768207614243;0;0;0;0;0
665;804.764391563513;862.000318776984;849.664848647198;849.654792019144;533.975918233835;0;0;0;0;0
666;804.764391563513;862.150850753733;849.664848647198;849.654792019144;533.975918233835;0;0;0;0;0
674;800.382012724588;862.150850753733;849.664848647198;849.654792019144;533.975918233835;0;0;0;0;0
678;800.382012724588;862.150850753733;849.664848647198;849.492968103427;533.975918233835;0;0;0;0;0
682;800.382012724588;862.150850753733;849.664848647198;849.492968103427;542.925477739085;0;0;0;0;0
690;797.425554543024;862.150850753733;849.664848647198;849.492968103427;542.925477739085;0;0;0;0;0
691;797.425554543024;862.150850753733;837.407180883886;849.492968103427;542.925477739085;0;0;0;0;0
697;797.425554543024;862.150850753733;837.407180883886;846.701292416287;542.925477739085;0;0;0;0;0
698;797.425554543024;862.150850753733;837.407180883886;846.701292416287;555.943351031625;0;0;0;0;0
706;792.878142882352;862.150850753733;835.370062942524;846.701292416287;555.943351031625;0;0;0;0;0
713;792.878142882352;862.150850753733;835.370062942524;844.588511681466;555.943351031625;0;0;0;0;0
714;792.878142882352;862.150850753733;835.370062942524;844.588511681466;559.504565557065;0;0;0;0;0
722;789.000119177672;862.150850753733;832.500749506335;844.588511681466;559.504565557065;0;0;0;0;0
729;789.000119177672;862.150850753733;832.500749506335;841.845287028839;559.504565557065;0;0;0;0;0
731;789.000119177672;862.150850753733;832.500749506335;841.845287028839;561.300537112646;0;0;0;0;0
738;784.996006689431;862.150850753733;829.253169719462;841.845287028839;561.300537112646;0;0;0;0;0
745;784.996006689431;862.150850753733;829.253169719462;838.09335210772;561.300537112646;0;0;0;0;0
747;784.996006689431;862.150850753733;829.253169719462;838.09335210772;561.331265698367;0;0;0;0;0
754;781.496249335435;862.150850753733;825.501234798344;838.09335210772;561.331265698367;0;0;0;0;0
760;781.496249335435;862.150850753733;825.501234798344;835.207235298898;561.331265698367;0;0;0;0;0
761;781.496249335435;862.150850753733;825.501234798344;835.207235298898;560.023593661536;0;0;0;0;0
766;781.496249335435;862.150850753733;821.080349994046;835.207235298898;560.023593661536;0;0;0;0;0
770;777.870403197878;862.150850753733;821.080349994046;835.207235298898;560.023593661536;0;0;0;0;0
778;777.870403197878;862.150850753733;821.080349994046;830.464790235819;553.762954710454;0;0;0;0;0
786;773.753090155211;862.150850753733;821.080349994046;830.464790235819;553.762954710454;0;0;0;0;0
790;773.753090155211;862.150850753733;816.271326328569;830.464790235819;553.762954710454;0;0;0;0;0
796;773.753090155211;862.150850753733;816.271326328569;830.464790235819;557.895759023609;0;0;0;0;0
798;773.753090155211;862.150850753733;816.271326328569;824.57632976364;557.895759023609;0;0;0;0;0
802;770.618710922764;862.150850753733;816.271326328569;824.57632976364;557.895759023609;0;0;0;0;0
805;770.618710922764;862.150850753733;813.080591704332;824.57632976364;557.895759023609;0;0;0;0;0
812;770.618710922764;862.150850753733;813.080591704332;824.57632976364;555.909067072349;0;0;0;0;0
814;770.618710922764;862.150850753733;813.080591704332;820.193950924715;555.909067072349;0;0;0;0;0
818;767.24504235233;862.150850753733;813.080591704332;820.193950924715;555.909067072349;0;0;0;0;0
820;767.24504235233;862.150850753733;813.902082531716;820.193950924715;555.909067072349;0;0;0;0;0
828;767.24504235233;862.150850753733;813.902082531716;820.193950924715;554.93108538958;0;0;0;0;0
830;767.24504235233;862.150850753733;813.902082531716;815.433305735105;554.93108538958;0;0;0;0;0
834;763.493107431211;862.150850753733;813.902082531716;815.433305735105;554.93108538958;0;0;0;0;0
844;763.493107431211;862.150850753733;813.902082531716;815.433305735105;553.196571005443;0;0;0;0;0
846;763.493107431211;862.150850753733;819.49887539479;811.177015679742;553.196571005443;0;0;0;0;0
850;760.245527644338;862.150850753733;819.49887539479;811.177015679742;553.196571005443;0;0;0;0;0
857;760.245527644338;817.856851514124;819.49887539479;811.177015679742;553.196571005443;0;0;0;0;0
860;760.245527644338;817.856851514124;819.49887539479;807.562740378441;551.561530894259;0;0;0;0;0
866;757.539012223662;817.856851514124;819.49887539479;807.562740378441;551.561530894259;0;0;0;0;0
878;757.539012223662;817.856851514124;819.49887539479;802.322194585062;545.247178996115;0;0;0;0;0
882;754.93532328529;817.856851514124;819.49887539479;802.322194585062;545.247178996115;0;0;0;0;0
895;754.93532328529;817.856851514124;819.49887539479;802.322194585062;546.863815816566;0;0;0;0;0
897;754.93532328529;817.856851514124;819.49887539479;797.026755910062;546.863815816566;0;0;0;0;0
898;750.754965850842;817.856851514124;819.49887539479;797.026755910062;546.863815816566;0;0;0;0;0
900;750.754965850842;808.045027859269;819.49887539479;797.026755910062;546.863815816566;0;0;0;0;0
906;750.754965850842;808.045027859269;804.356666403377;797.026755910062;546.863815816566;0;0;0;0;0
912;750.754965850842;808.045027859269;804.356666403377;797.026755910062;545.633656566675;0;0;0;0;0
913;750.754965850842;808.045027859269;804.356666403377;793.148732205382;545.633656566675;0;0;0;0;0
914;747.381297280408;808.045027859269;804.356666403377;793.148732205382;545.633656566675;0;0;0;0;0
920;747.381297280408;804.106088754354;804.356666403377;793.148732205382;545.633656566675;0;0;0;0;0
922;747.381297280408;804.106088754354;800.227582534692;793.148732205382;545.633656566675;0;0;0;0;0
928;747.381297280408;804.106088754354;800.227582534692;793.148732205382;544.277408533222;0;0;0;0;0
929;747.381297280408;804.106088754354;800.227582534692;788.261998232211;544.277408533222;0;0;0;0;0
930;744.133717493535;804.106088754354;800.227582534692;788.261998232211;544.277408533222;0;0;0;0;0
938;744.133717493535;804.106088754354;796.348441426895;788.261998232211;544.277408533222;0;0;0;0;0
943;744.133717493535;799.157110348453;796.348441426895;788.261998232211;544.277408533222;0;0;0;0;0
944;744.133717493535;799.157110348453;796.348441426895;788.261998232211;542.290716581962;0;0;0;0;0
945;744.133717493535;799.157110348453;796.348441426895;783.753530609725;542.290716581962;0;0;0;0;0
947;741.012226490223;799.157110348453;796.348441426895;783.753530609725;542.290716581962;0;0;0;0;0
954;741.012226490223;799.157110348453;792.344328938654;783.753530609725;542.290716581962;0;0;0;0;0
960;741.012226490223;795.675840936941;792.344328938654;779.340338533327;540.388083819744;0;0;0;0;0
963;738.521179404718;795.675840936941;792.344328938654;779.340338533327;540.388083819744;0;0;0;0;0
968;738.521179404718;795.675840936941;790.375858276862;779.340338533327;540.388083819744;0;0;0;0;0
978;735.915880672209;795.675840936941;790.375858276862;779.340338533327;540.388083819744;0;0;0;0;0
978;735.915880672209;795.675840936941;790.375858276862;779.340338533327;531.954039371285;0;0;0;0;0
978;735.915880672209;795.675840936941;790.375858276862;773.462390750512;531.954039371285;0;0;0;0;0
987;735.915880672209;795.675840936941;786.829150945301;773.462390750512;531.954039371285;0;0;0;0;0
995;732.026019830972;795.675840936941;786.829150945301;773.462390750512;531.954039371285;0;0;0;0;0
996;732.026019830972;795.675840936941;786.829150945301;768.846738138677;534.867985443347;0;0;0;0;0
1003;732.026019830972;795.675840936941;779.956518631039;768.846738138677;534.867985443347;0;0;0;0;0
1008;732.026019830972;785.134539280433;779.956518631039;768.846738138677;534.867985443347;0;0;0;0;0
1011;728.90452882766;785.134539280433;779.956518631039;768.846738138677;534.867985443347;0;0;0;0;0
1012;728.90452882766;785.134539280433;779.956518631039;764.842625650436;532.839263897567;0;0;0;0;0
1020;728.90452882766;785.134539280433;776.07849492636;764.842625650436;532.839263897567;0;0;0;0;0
1027;725.90912660791;785.134539280433;776.07849492636;764.842625650436;532.839263897567;0;0;0;0;0
1028;725.90912660791;785.134539280433;776.07849492636;760.208069244388;529.843861677816;0;0;0;0;0
1034;725.90912660791;779.636915944006;776.07849492636;760.208069244388;529.843861677816;0;0;0;0;0
1036;725.90912660791;779.636915944006;772.326560005241;760.208069244388;529.843861677816;0;0;0;0;0
1043;723.039813171721;779.636915944006;772.326560005241;760.208069244388;529.843861677816;0;0;0;0;0
1044;723.039813171721;779.636915944006;772.326560005241;755.825690405463;527.352814592311;0;0;0;0;0
1052;723.039813171721;779.636915944006;768.322447517;755.825690405463;527.352814592311;0;0;0;0;0
1054;723.039813171721;775.513698441686;768.322447517;755.825690405463;527.352814592311;0;0;0;0;0
1059;719.792233384848;775.513698441686;768.322447517;755.825690405463;527.352814592311;0;0;0;0;0
1060;719.792233384848;775.513698441686;768.322447517;750.68677886517;525.303078249271;0;0;0;0;0
1068;719.792233384848;775.513698441686;766.178144586289;750.68677886517;525.303078249271;0;0;0;0;0
1075;716.746954353232;775.513698441686;766.178144586289;750.68677886517;525.303078249271;0;0;0;0;0
1077;716.746954353232;775.513698441686;766.178144586289;750.68677886517;515.500278471105;0;0;0;0;0
1080;716.746954353232;775.513698441686;766.178144586289;745.35855779172;515.500278471105;0;0;0;0;0
1083;716.746954353232;775.513698441686;766.47701112141;745.35855779172;515.500278471105;0;0;0;0;0
1092;714.560755154509;775.513698441686;766.47701112141;745.35855779172;515.500278471105;0;0;0;0;0
1097;714.560755154509;775.513698441686;766.47701112141;741.047780225769;517.618455755071;0;0;0;0;0
1100;714.560755154509;775.513698441686;757.697086671452;741.047780225769;517.618455755071;0;0;0;0;0
1101;714.560755154509;765.895651110732;757.697086671452;741.047780225769;517.618455755071;0;0;0;0;0
1109;710.80882023339;765.895651110732;757.697086671452;741.047780225769;517.618455755071;0;0;0;0;0
1113;710.80882023339;765.895651110732;757.697086671452;737.295845304651;514.875231102443;0;0;0;0;0
1116;710.80882023339;765.895651110732;754.57559566814;737.295845304651;514.875231102443;0;0;0;0;0
1120;710.80882023339;762.463826787155;754.57559566814;737.295845304651;514.875231102443;0;0;0;0;0
1125;707.939506797201;762.463826787155;754.57559566814;737.295845304651;514.875231102443;0;0;0;0;0
1129;707.939506797201;762.463826787155;754.57559566814;732.787377682164;512.132006449816;0;0;0;0;0
1132;707.939506797201;762.463826787155;751.454104664829;732.787377682164;512.132006449816;0;0;0;0;0
1139;707.939506797201;758.479167271362;751.454104664829;732.787377682164;512.132006449816;0;0;0;0;0
1141;705.070193361012;758.479167271362;751.454104664829;732.787377682164;512.132006449816;0;0;0;0;0
1145;705.070193361012;758.479167271362;751.454104664829;728.783265193923;509.640959364311;0;0;0;0;0
1148;705.070193361012;758.479167271362;748.332613661517;728.783265193923;509.640959364311;0;0;0;0;0
1157;702.074791141262;758.479167271362;748.332613661517;728.783265193923;509.640959364311;0;0;0;0;0
1157;702.074791141262;755.184504180416;748.332613661517;728.783265193923;509.640959364311;0;0;0;0;0
1160;702.074791141262;755.184504180416;748.332613661517;728.783265193923;507.846206793949;0;0;0;0;0
1161;702.074791141262;755.184504180416;748.332613661517;724.779152705682;507.846206793949;0;0;0;0;0
1162;702.074791141262;755.184504180416;745.150189269473;724.779152705682;507.846206793949;0;0;0;0;0
1173;698.070678653021;755.184504180416;745.150189269473;724.779152705682;507.846206793949;0;0;0;0;0
1178;698.070678653021;755.184504180416;745.150189269473;724.779152705682;499.049311078718;0;0;0;0;0
1179;698.070678653021;755.184504180416;746.626034355309;724.779152705682;499.049311078718;0;0;0;0;0
1180;698.070678653021;755.184504180416;746.626034355309;719.096503920145;499.049311078718;0;0;0;0;0
1189;696.021780362319;755.184504180416;746.626034355309;719.096503920145;499.049311078718;0;0;0;0;0
1196;696.021780362319;755.184504180416;746.626034355309;716.019982043418;500.723384112426;0;0;0;0;0
1198;696.021780362319;755.184504180416;738.592667808691;716.019982043418;500.723384112426;0;0;0;0;0
1198;696.021780362319;747.49509462968;738.592667808691;716.019982043418;500.723384112426;0;0;0;0;0
1205;693.592939616256;747.49509462968;738.592667808691;716.019982043418;500.723384112426;0;0;0;0;0
1212;693.592939616256;747.49509462968;738.592667808691;711.763691988054;498.673647769386;0;0;0;0;0
1214;693.592939616256;747.49509462968;735.597265588941;711.763691988054;498.673647769386;0;0;0;0;0
1217;693.592939616256;743.924712319575;735.597265588941;711.763691988054;498.673647769386;0;0;0;0;0
1221;690.597537396506;743.924712319575;735.597265588941;711.763691988054;498.673647769386;0;0;0;0;0
1228;690.597537396506;743.924712319575;735.597265588941;708.263934634058;496.182600683881;0;0;0;0;0
1230;690.597537396506;743.924712319575;732.60186336919;708.263934634058;496.182600683881;0;0;0;0;0
1233;690.597537396506;740.905768447788;732.60186336919;708.263934634058;496.182600683881;0;0;0;0;0
1237;687.854312743879;740.905768447788;732.60186336919;708.263934634058;496.182600683881;0;0;0;0;0
1244;687.854312743879;740.905768447788;732.60186336919;704.764177280063;493.691553598376;0;0;0;0;0
1246;687.854312743879;740.905768447788;729.732549933001;704.764177280063;493.691553598376;0;0;0;0;0
1251;687.854312743879;737.611105356842;729.732549933001;704.764177280063;493.691553598376;0;0;0;0;0
1253;684.858910524128;737.611105356842;729.732549933001;704.764177280063;493.691553598376;0;0;0;0;0
1257;684.858910524128;737.068047441902;729.732549933001;704.764177280063;493.691553598376;0;0;0;0;0
1260;684.858910524128;737.068047441902;727.190029291972;704.764177280063;493.691553598376;0;0;0;0;0
1260;684.858910524128;737.068047441902;727.190029291972;700.823109183602;492.04109840328;0;0;0;0;0
1268;682.071483548697;737.068047441902;727.190029291972;700.823109183602;492.04109840328;0;0;0;0;0
1277;682.071483548697;737.068047441902;727.190029291972;697.576227773678;492.04109840328;0;0;0;0;0
1278;682.071483548697;737.068047441902;726.137432381166;697.576227773678;492.04109840328;0;0;0;0;0
1279;682.071483548697;737.068047441902;726.137432381166;697.576227773678;482.77276332915;0;0;0;0;0
1289;679.290624138304;737.068047441902;726.137432381166;697.576227773678;482.77276332915;0;0;0;0;0
1294;679.290624138304;737.068047441902;726.137432381166;693.006810890255;482.77276332915;0;0;0;0;0
1297;679.290624138304;737.068047441902;719.995397587968;693.006810890255;485.890556109077;0;0;0;0;0
1300;679.290624138304;728.828596206744;719.995397587968;693.006810890255;485.890556109077;0;0;0;0;0
1304;675.500024529779;728.828596206744;719.995397587968;693.006810890255;485.890556109077;0;0;0;0;0
1310;675.500024529779;728.828596206744;719.995397587968;689.50705353626;485.890556109077;0;0;0;0;0
1313;675.500024529779;728.828596206744;717.504350502463;689.50705353626;483.861834563297;0;0;0;0;0
1318;675.500024529779;725.692085564131;717.504350502463;689.50705353626;483.861834563297;0;0;0;0;0
1320;672.504622310029;725.692085564131;717.504350502463;689.50705353626;483.861834563297;0;0;0;0;0
1326;672.504622310029;725.692085564131;717.504350502463;686.259473749387;483.861834563297;0;0;0;0;0
1329;672.504622310029;725.692085564131;714.635037066274;686.259473749387;481.622965044914;0;0;0;0;0
1334;672.504622310029;722.948860911503;714.635037066274;686.259473749387;481.622965044914;0;0;0;0;0
1336;669.509220090278;722.948860911503;714.635037066274;686.259473749387;481.622965044914;0;0;0;0;0
1342;669.509220090278;722.948860911503;714.635037066274;683.011893962514;481.622965044914;0;0;0;0;0
1345;669.509220090278;722.948860911503;711.891812413647;683.011893962514;479.258006742971;0;0;0;0;0
1350;669.509220090278;720.205636258876;711.891812413647;683.011893962514;479.258006742971;0;0;0;0;0
1352;666.387729086967;720.205636258876;711.891812413647;683.011893962514;479.258006742971;0;0;0;0;0
1358;666.387729086967;720.205636258876;711.891812413647;679.764314175641;479.258006742971;0;0;0;0;0
1360;666.387729086967;720.205636258876;709.52406060391;679.764314175641;479.258006742971;0;0;0;0;0
1360;666.387729086967;720.205636258876;709.52406060391;679.764314175641;477.438036415897;0;0;0;0;0
1363;666.387729086967;717.852904088441;709.52406060391;679.764314175641;477.438036415897;0;0;0;0;0
1366;664.113496299479;717.852904088441;709.52406060391;679.764314175641;477.438036415897;0;0;0;0;0
1375;664.113496299479;717.852904088441;709.52406060391;676.214739266005;477.438036415897;0;0;0;0;0
1378;664.113496299479;717.852904088441;707.478514522559;676.214739266005;468.9185360245;0;0;0;0;0
1391;659.653738705553;717.852904088441;707.478514522559;676.214739266005;468.9185360245;0;0;0;0;0
1393;659.653738705553;717.852904088441;707.478514522559;671.551528242142;468.9185360245;0;0;0;0;0
1396;659.653738705553;717.852904088441;702.532926419298;671.551528242142;470.949860611633;0;0;0;0;0
1397;659.653738705553;712.369248290979;702.532926419298;671.551528242142;470.949860611633;0;0;0;0;0
1406;656.656163757519;712.369248290979;702.532926419298;671.551528242142;470.949860611633;0;0;0;0;0
1409;656.656163757519;712.369248290979;702.532926419298;669.018451562117;470.949860611633;0;0;0;0;0
1412;656.656163757519;712.369248290979;700.420145684477;669.018451562117;469.425494200098;0;0;0;0;0
1413;656.656163757519;709.626023638351;700.420145684477;669.018451562117;469.425494200098;0;0;0;0;0
1422;654.417294239137;709.626023638351;700.420145684477;669.018451562117;469.425494200098;0;0;0;0;0
1425;654.417294239137;709.626023638351;700.420145684477;665.518694208121;469.425494200098;0;0;0;0;0
1428;654.417294239137;709.626023638351;697.676921031849;665.518694208121;467.312713465277;0;0;0;0;0
1430;654.417294239137;706.88419573962;697.676921031849;665.518694208121;467.312713465277;0;0;0;0;0
1438;651.926247153632;706.88419573962;697.676921031849;665.518694208121;467.312713465277;0;0;0;0;0
1441;651.926247153632;706.88419573962;697.676921031849;662.271114421248;467.312713465277;0;0;0;0;0
1444;651.926247153632;706.88419573962;694.933696379221;662.271114421248;464.947755163334;0;0;0;0;0
1446;651.926247153632;704.140971086992;694.933696379221;662.271114421248;464.947755163334;0;0;0;0;0
1454;649.183022501005;704.140971086992;694.933696379221;662.271114421248;464.947755163334;0;0;0;0;0
1457;649.183022501005;704.140971086992;694.933696379221;659.52788976862;464.947755163334;0;0;0;0;0
1459;649.183022501005;704.140971086992;692.607974164005;659.52788976862;464.947755163334;0;0;0;0;0
1460;649.183022501005;701.394952926572;692.607974164005;659.52788976862;463.717595913442;0;0;0;0;0
1465;648.699618675206;701.394952926572;692.607974164005;659.52788976862;463.717595913442;0;0;0;0;0
1474;648.699618675206;701.394952926572;692.607974164005;657.345990878863;463.717595913442;0;0;0;0;0
1478;648.699618675206;701.394952926572;689.828306932443;657.345990878863;454.854853833462;0;0;0;0;0
1490;645.973155069336;701.394952926572;689.828306932443;657.345990878863;454.854853833462;0;0;0;0;0
1491;645.973155069336;701.394952926572;689.828306932443;654.470132804152;454.854853833462;0;0;0;0;0
1495;645.973155069336;701.394952926572;689.828306932443;654.470132804152;456.219313086791;0;0;0;0;0
1497;645.973155069336;701.394952926572;685.703692676226;654.470132804152;456.219313086791;0;0;0;0;0
1498;645.973155069336;695.36404895248;685.703692676226;654.470132804152;456.219313086791;0;0;0;0;0
1506;645.973155069336;695.36404895248;685.703692676226;653.567813914842;456.219313086791;0;0;0;0;0
1511;643.238310940087;695.36404895248;685.703692676226;653.567813914842;456.219313086791;0;0;0;0;0
1511;643.238310940087;695.36404895248;685.703692676226;653.567813914842;454.610887486216;0;0;0;0;0
1513;643.238310940087;695.36404895248;683.212645590722;653.567813914842;454.610887486216;0;0;0;0;0
1514;643.238310940087;692.672097865615;683.212645590722;653.567813914842;454.610887486216;0;0;0;0;0
1522;643.238310940087;692.672097865615;683.212645590722;650.950678045775;454.610887486216;0;0;0;0;0
1527;643.238310940087;692.672097865615;683.212645590722;650.950678045775;452.372017967833;0;0;0;0;0
1529;643.238310940087;692.672097865615;680.469420938094;650.950678045775;452.372017967833;0;0;0;0;0
1530;643.238310940087;689.928873212987;680.469420938094;650.950678045775;452.372017967833;0;0;0;0;0
1538;643.238310940087;689.928873212987;680.469420938094;647.577009475341;452.372017967833;0;0;0;0;0
1544;643.238310940087;689.928873212987;680.469420938094;647.577009475341;450.385326016574;0;0;0;0;0
1545;643.238310940087;689.928873212987;677.852285069028;647.577009475341;450.385326016574;0;0;0;0;0
1546;643.238310940087;687.311737343921;677.852285069028;647.577009475341;450.385326016574;0;0;0;0;0
1554;643.238310940087;687.311737343921;677.852285069028;644.455518472029;450.385326016574;0;0;0;0;0
1560;643.238310940087;687.311737343921;675.309409948789;644.455518472029;448.987048388601;0;0;0;0;0
1560;643.238310940087;684.942588780288;675.309409948789;644.455518472029;448.987048388601;0;0;0;0;0
1570;643.238310940087;684.942588780288;675.309409948789;640.854610740405;448.987048388601;0;0;0;0;0
1578;643.238310940087;684.942588780288;672.49332130123;640.854610740405;440.868225899045;0;0;0;0;0
1586;643.238310940087;684.942588780288;672.49332130123;636.967409727738;440.868225899045;0;0;0;0;0
1593;645.413564667367;684.942588780288;672.49332130123;636.967409727738;440.868225899045;0;0;0;0;0
1596;645.413564667367;684.942588780288;668.871665425363;636.967409727738;442.584328527274;0;0;0;0;0
1598;645.413564667367;679.213739185185;668.871665425363;636.967409727738;442.584328527274;0;0;0;0;0
1602;645.413564667367;679.213739185185;668.871665425363;632.569269790868;442.584328527274;0;0;0;0;0
1609;642.418162447617;679.213739185185;668.871665425363;632.569269790868;442.584328527274;0;0;0;0;0
1612;642.418162447617;679.213739185185;666.884973474103;632.569269790868;440.933873332178;0;0;0;0;0
1614;642.418162447617;676.596603316119;666.884973474103;632.569269790868;440.933873332178;0;0;0;0;0
1618;642.418162447617;676.596603316119;666.884973474103;628.565157302627;440.933873332178;0;0;0;0;0
1625;639.422760227866;676.596603316119;666.884973474103;628.565157302627;440.933873332178;0;0;0;0;0
1628;639.422760227866;676.596603316119;664.646103955721;628.565157302627;438.442826246673;0;0;0;0;0
1630;639.422760227866;674.105556230614;664.646103955721;628.565157302627;438.442826246673;0;0;0;0;0
1634;639.422760227866;674.105556230614;664.646103955721;625.317577515754;438.442826246673;0;0;0;0;0
1641;636.679535575239;674.105556230614;664.646103955721;625.317577515754;438.442826246673;0;0;0;0;0
1644;636.679535575239;674.105556230614;662.281145653777;625.317577515754;436.456134295414;0;0;0;0;0
1646;636.679535575239;671.614509145109;662.281145653777;625.317577515754;436.456134295414;0;0;0;0;0
1650;636.679535575239;671.614509145109;662.281145653777;621.943908945319;436.456134295414;0;0;0;0;0
1657;633.81022213905;671.614509145109;662.281145653777;621.943908945319;436.456134295414;0;0;0;0;0
1659;633.81022213905;671.614509145109;660.165571411163;621.943908945319;436.456134295414;0;0;0;0;0
1660;633.81022213905;669.875804499283;660.165571411163;621.943908945319;434.783267549161;0;0;0;0;0
1664;633.81022213905;669.875804499283;660.165571411163;618.942737179644;434.783267549161;0;0;0;0;0
1668;632.790940983116;669.875804499283;660.165571411163;618.942737179644;434.783267549161;0;0;0;0;0
1678;632.790940983116;669.875804499283;658.562732826173;618.942737179644;427.498032017594;0;0;0;0;0
1682;632.790940983116;669.875804499283;658.562732826173;615.029857234578;427.498032017594;0;0;0;0;0
1694;626.314732820192;669.875804499283;658.562732826173;615.029857234578;427.498032017594;0;0;0;0;0
1695;626.314732820192;669.875804499283;658.562732826173;615.029857234578;428.105958569555;0;0;0;0;0
1697;626.314732820192;669.875804499283;654.816384920641;615.029857234578;428.105958569555;0;0;0;0;0
1698;626.314732820192;664.956157925207;654.816384920641;615.029857234578;428.105958569555;0;0;0;0;0
1698;626.314732820192;664.956157925207;654.816384920641;612.579435935384;428.105958569555;0;0;0;0;0
1710;623.319330600442;664.956157925207;654.816384920641;612.579435935384;428.105958569555;0;0;0;0;0
1711;623.319330600442;664.956157925207;654.816384920641;612.579435935384;425.993177834734;0;0;0;0;0
1713;623.319330600442;664.956157925207;652.955781752943;612.579435935384;425.993177834734;0;0;0;0;0
1714;623.319330600442;662.79350037852;652.955781752943;610.088388849879;425.993177834734;0;0;0;0;0
1726;620.450017164253;662.79350037852;652.955781752943;610.088388849879;425.993177834734;0;0;0;0;0
1727;620.450017164253;662.79350037852;652.955781752943;610.088388849879;423.754308316352;0;0;0;0;0
1729;620.450017164253;662.79350037852;650.338645883876;610.088388849879;423.754308316352;0;0;0;0;0
1730;620.450017164253;660.050275725893;650.338645883876;607.597341764374;423.754308316352;0;0;0;0;0
1742;617.706792511625;660.050275725893;650.338645883876;607.597341764374;423.754308316352;0;0;0;0;0
1743;617.706792511625;660.050275725893;650.338645883876;607.597341764374;421.767616365092;0;0;0;0;0
1745;617.706792511625;660.050275725893;647.72151001481;607.597341764374;421.767616365092;0;0;0;0;0
1746;617.706792511625;658.063583774633;647.72151001481;604.854117111747;421.767616365092;0;0;0;0;0
1758;615.21574542612;658.063583774633;647.72151001481;604.854117111747;421.767616365092;0;0;0;0;0
1760;615.21574542612;658.063583774633;647.72151001481;604.854117111747;420.117161169996;0;0;0;0;0
1760;615.21574542612;656.198790345245;644.686884406095;604.854117111747;420.117161169996;0;0;0;0;0
1762;615.21574542612;656.198790345245;644.686884406095;602.941681676728;420.117161169996;0;0;0;0;0
1769;614.259508661966;656.198790345245;644.686884406095;602.941681676728;420.117161169996;0;0;0;0;0
1778;614.259508661966;664.554172153809;642.362546247013;602.941681676728;411.430939154415;0;0;0;0;0
1779;614.259508661966;664.554172153809;642.362546247013;599.060071559518;411.430939154415;0;0;0;0;0
1793;609.860971920012;664.554172153809;642.362546247013;599.060071559518;411.430939154415;0;0;0;0;0
1796;609.860971920012;664.554172153809;639.749600639636;596.96347341782;414.218796442915;0;0;0;0;0
1797;609.860971920012;651.352562235072;639.749600639636;596.96347341782;414.218796442915;0;0;0;0;0
1809;607.496013618068;651.352562235072;639.749600639636;596.96347341782;414.218796442915;0;0;0;0;0
1812;607.496013618068;651.352562235072;637.762908688376;594.388367143275;413.57705151631;0;0;0;0;0
1814;607.496013618068;649.365870283812;637.762908688376;594.388367143275;413.57705151631;0;0;0;0;0
1825;605.383232883247;649.365870283812;637.762908688376;594.388367143275;413.57705151631;0;0;0;0;0
1828;605.383232883247;649.365870283812;635.524039169994;591.89732005777;410.833826863682;0;0;0;0;0
1830;605.383232883247;647.000911981869;635.524039169994;591.89732005777;410.833826863682;0;0;0;0;0
1841;602.64000823062;647.000911981869;635.524039169994;591.89732005777;410.833826863682;0;0;0;0;0
1844;602.64000823062;647.000911981869;632.780814517366;589.406272972265;409.099312479546;0;0;0;0;0
1846;602.64000823062;644.635953679925;632.780814517366;589.406272972265;409.099312479546;0;0;0;0;0
1857;600.401138712237;644.635953679925;632.780814517366;589.406272972265;409.099312479546;0;0;0;0;0
1860;600.401138712237;642.692354760812;630.036193110842;589.406272972265;407.56514339521;0;0;0;0;0
1860;600.401138712237;642.692354760812;630.036193110842;586.97827027854;407.56514339521;0;0;0;0;0
1868;599.886212690549;642.692354760812;630.036193110842;586.97827027854;407.56514339521;0;0;0;0;0
1878;599.886212690549;649.4887846267;628.305868988395;586.97827027854;400.141210201726;0;0;0;0;0
1880;599.886212690549;649.4887846267;628.305868988395;582.763833459882;400.141210201726;0;0;0;0;0
1892;595.802897907497;649.4887846267;628.305868988395;582.763833459882;400.141210201726;0;0;0;0;0
1895;595.802897907497;649.4887846267;624.178461224385;582.763833459882;401.757847022178;0;0;0;0;0
1897;595.802897907497;649.4887846267;624.178461224385;580.932801970638;401.757847022178;0;0;0;0;0
1898;595.802897907497;636.666837812544;624.178461224385;580.932801970638;401.757847022178;0;0;0;0;0
1908;593.437939605554;636.666837812544;624.178461224385;580.932801970638;401.757847022178;0;0;0;0;0
1911;593.437939605554;636.666837812544;622.443946840248;580.932801970638;400.275510205164;0;0;0;0;0
1913;593.437939605554;636.666837812544;622.443946840248;578.946110019378;400.275510205164;0;0;0;0;0
1914;593.437939605554;634.3018795106;622.443946840248;578.946110019378;400.275510205164;0;0;0;0;0
1924;591.325158870733;634.3018795106;622.443946840248;578.946110019378;400.275510205164;0;0;0;0;0
1927;591.325158870733;634.3018795106;620.078988538305;578.946110019378;397.91055190322;0;0;0;0;0
1929;591.325158870733;634.3018795106;620.078988538305;576.707240500996;397.91055190322;0;0;0;0;0
1930;591.325158870733;631.936921208656;620.078988538305;576.707240500996;397.91055190322;0;0;0;0;0
1941;589.464555703035;631.936921208656;620.078988538305;576.707240500996;397.91055190322;0;0;0;0;0
1943;589.464555703035;631.936921208656;617.840119019922;576.707240500996;395.923859951961;0;0;0;0;0
1945;589.464555703035;631.936921208656;617.840119019922;574.468370982614;395.923859951961;0;0;0;0;0
1946;589.464555703035;629.571962906713;617.840119019922;574.468370982614;395.923859951961;0;0;0;0;0
1957;587.225686184652;629.571962906713;617.840119019922;574.468370982614;395.923859951961;0;0;0;0;0
1960;587.225686184652;629.571962906713;615.096894367295;574.468370982614;394.882833877411;0;0;0;0;0
1961;587.225686184652;629.571962906713;615.096894367295;571.388909573823;394.882833877411;0;0;0;0;0
1961;587.225686184652;627.457009443609;615.096894367295;571.388909573823;394.882833877411;0;0;0;0;0
1968;586.206405028718;627.457009443609;615.096894367295;571.388909573823;394.882833877411;0;0;0;0;0
1978;586.206405028718;627.457009443609;612.50916651663;571.388909573823;386.848070576896;0;0;0;0;0
1979;586.206405028718;627.457009443609;612.50916651663;568.621079478817;386.848070576896;0;0;0;0;0
1979;586.206405028718;634.149074634329;612.50916651663;568.621079478817;386.848070576896;0;0;0;0;0
1993;582.756327671267;634.149074634329;612.50916651663;568.621079478817;386.848070576896;0;0;0;0;0
1996;582.756327671267;634.149074634329;610.123180719664;566.496461607439;389.00548394759;0;0;0;0;0
1997;582.756327671267;622.230497449345;610.123180719664;566.496461607439;389.00548394759;0;0;0;0;0
2009;580.265280585762;622.230497449345;610.123180719664;566.496461607439;389.00548394759;0;0;0;0;0
2012;580.265280585762;622.230497449345;608.136488768404;564.257592089057;387.733295103178;0;0;0;0;0
2014;580.265280585762;619.865539147402;608.136488768404;564.257592089057;387.733295103178;0;0;0;0;0
2025;578.152499850941;619.865539147402;608.136488768404;564.257592089057;387.733295103178;0;0;0;0;0
2028;578.152499850941;619.865539147402;605.897619250022;562.018722570675;385.998780719042;0;0;0;0;0
2030;578.152499850941;617.62666962902;605.897619250022;562.018722570675;385.998780719042;0;0;0;0;0
2041;575.787541548997;617.62666962902;605.897619250022;562.018722570675;385.998780719042;0;0;0;0;0
2044;575.787541548997;617.62666962902;604.163104865885;559.653764268731;383.507733633536;0;0;0;0;0
2046;575.787541548997;615.513888894199;604.163104865885;559.653764268731;383.507733633536;0;0;0;0;0
2057;573.674760814176;615.513888894199;604.163104865885;559.653764268731;383.507733633536;0;0;0;0;0
2059;573.674760814176;613.601812170976;604.163104865885;559.653764268731;383.507733633536;0;0;0;0;0
2060;573.674760814176;613.601812170976;601.419880213257;556.721406440762;382.109456005563;0;0;0;0;0
2071;574.962652558454;613.601812170976;601.419880213257;556.721406440762;382.109456005563;0;0;0;0;0
2078;574.962652558454;613.601812170976;600.696869605404;556.721406440762;375.558341624208;0;0;0;0;0
2079;574.962652558454;622.134756318625;600.696869605404;556.721406440762;375.558341624208;0;0;0;0;0
2080;574.962652558454;622.134756318625;600.696869605404;553.095383945389;375.558341624208;0;0;0;0;0
2092;570.337407845049;622.134756318625;600.696869605404;553.095383945389;375.558341624208;0;0;0;0;0
2095;570.337407845049;622.134756318625;600.696869605404;553.095383945389;375.914090609046;0;0;0;0;0
2097;570.337407845049;622.134756318625;596.950521699871;551.180293267104;375.914090609046;0;0;0;0;0
2098;570.337407845049;609.183927213115;596.950521699871;551.180293267104;375.914090609046;0;0;0;0;0
2108;566.711561707493;609.183927213115;596.950521699871;551.180293267104;375.914090609046;0;0;0;0;0
2111;566.711561707493;609.183927213115;596.950521699871;551.180293267104;375.062197709839;0;0;0;0;0
2113;566.711561707493;609.183927213115;595.846451233541;548.563157398038;375.062197709839;0;0;0;0;0
2114;566.711561707493;606.945057694732;595.846451233541;548.563157398038;375.062197709839;0;0;0;0;0
2124;564.724869756233;606.945057694732;595.846451233541;548.563157398038;375.062197709839;0;0;0;0;0
2127;564.724869756233;606.945057694732;595.846451233541;548.563157398038;372.571150624334;0;0;0;0;0
2129;564.724869756233;606.945057694732;594.490203200088;545.81993274541;372.571150624334;0;0;0;0;0
2130;564.724869756233;605.084454527034;594.490203200088;545.81993274541;372.571150624334;0;0;0;0;0
2140;562.738177804973;605.084454527034;594.490203200088;545.81993274541;372.571150624334;0;0;0;0;0
2143;562.738177804973;605.084454527034;594.490203200088;545.81993274541;370.584458673074;0;0;0;0;0
2145;562.738177804973;605.084454527034;592.251333681706;543.076708092783;370.584458673074;0;0;0;0;0
2146;562.738177804973;604.106472844265;592.251333681706;543.076708092783;370.584458673074;0;0;0;0;0
2157;561.003663420836;604.106472844265;592.251333681706;543.076708092783;370.584458673074;0;0;0;0;0
2159;561.003663420836;604.106472844265;591.77491362539;543.076708092783;369.438358612223;0;0;0;0;0
2161;561.003663420836;604.106472844265;591.77491362539;540.081305873033;369.438358612223;0;0;0;0;0
2161;561.003663420836;601.795381273399;591.77491362539;540.081305873033;369.438358612223;0;0;0;0;0
2173;560.656125655874;601.795381273399;591.77491362539;540.081305873033;369.438358612223;0;0;0;0;0
2178;560.656125655874;611.227505141248;589.451972220204;540.081305873033;361.571713689791;0;0;0;0;0
2181;560.656125655874;611.227505141248;589.451972220204;536.849894570658;361.571713689791;0;0;0;0;0
2189;556.463718044629;611.227505141248;589.451972220204;536.849894570658;361.571713689791;0;0;0;0;0
2196;556.463718044629;611.227505141248;587.683821462688;536.849894570658;363.792171452265;0;0;0;0;0
2197;556.463718044629;598.90851670744;587.683821462688;534.098881956911;363.792171452265;0;0;0;0;0
2205;554.791409999935;598.90851670744;587.683821462688;534.098881956911;363.792171452265;0;0;0;0;0
2212;554.791409999935;598.90851670744;586.327573429235;534.098881956911;361.889538690046;0;0;0;0;0
2213;554.791409999935;597.80444624111;586.327573429235;531.229568520722;361.889538690046;0;0;0;0;0
2221;553.056895615798;597.80444624111;586.327573429235;531.229568520722;361.889538690046;0;0;0;0;0
2228;553.056895615798;597.80444624111;585.475680530028;531.229568520722;359.650669171664;0;0;0;0;0
2230;553.056895615798;596.069931856973;585.475680530028;528.612432651655;359.650669171664;0;0;0;0;0
2237;550.313670963171;596.069931856973;585.475680530028;528.612432651655;359.650669171664;0;0;0;0;0
2244;550.313670963171;596.069931856973;583.615077362329;528.612432651655;357.916154787527;0;0;0;0;0
2246;550.313670963171;594.839772607082;583.615077362329;525.869207999028;357.916154787527;0;0;0;0;0
2253;548.579156579034;594.839772607082;583.615077362329;525.869207999028;357.916154787527;0;0;0;0;0
2259;548.579156579034;594.839772607082;582.534827898815;525.869207999028;357.916154787527;0;0;0;0;0
2260;548.579156579034;593.508750795516;582.534827898815;525.869207999028;357.06426188832;0;0;0;0;0
2262;548.579156579034;593.508750795516;582.534827898815;523.504249697084;357.06426188832;0;0;0;0;0
2269;547.184523208954;593.508750795516;582.534827898815;523.504249697084;357.06426188832;0;0;0;0;0
2278;547.184523208954;603.097000710013;581.409729937462;523.504249697084;348.20151980834;0;0;0;0;0
2280;547.184523208954;603.097000710013;581.409729937462;519.882438626339;348.20151980834;0;0;0;0;0
2285;545.866660512128;603.097000710013;581.409729937462;519.882438626339;348.20151980834;0;0;0;0;0
2297;545.866660512128;603.097000710013;578.041648382614;517.140765922485;350.640527229733;0;0;0;0;0
2298;545.866660512128;590.527231462979;578.041648382614;517.140765922485;350.640527229733;0;0;0;0;0
2301;542.366903158132;590.527231462979;578.041648382614;517.140765922485;350.640527229733;0;0;0;0;0
2313;542.366903158132;590.527231462979;577.820199401213;514.397541269858;349.095146020938;0;0;0;0;0
2314;542.366903158132;587.910095593913;577.820199401213;514.397541269858;349.095146020938;0;0;0;0;0
2317;540.632388773995;587.910095593913;577.820199401213;514.397541269858;349.095146020938;0;0;0;0;0
2329;540.632388773995;587.910095593913;575.455241099269;511.65431661723;347.738897987485;0;0;0;0;0
2330;540.632388773995;587.058202694705;575.455241099269;511.65431661723;347.738897987485;0;0;0;0;0
2333;538.897874389859;587.058202694705;575.455241099269;511.65431661723;347.738897987485;0;0;0;0;0
2345;538.897874389859;587.058202694705;573.342460364448;508.911091964602;345.247850901981;0;0;0;0;0
2346;538.897874389859;585.071510743446;573.342460364448;508.911091964602;345.247850901981;0;0;0;0;0
2349;536.659004871476;585.071510743446;573.342460364448;508.911091964602;345.247850901981;0;0;0;0;0
2360;536.659004871476;585.071510743446;571.631766983127;508.911091964602;343.890206114631;0;0;0;0;0
2361;536.659004871476;585.071510743446;571.631766983127;506.230911703756;343.890206114631;0;0;0;0;0
2361;536.659004871476;583.839178765271;571.631766983127;506.230911703756;343.890206114631;0;0;0;0;0
2365;534.546224136655;583.839178765271;571.631766983127;506.230911703756;343.890206114631;0;0;0;0;0
2377;534.546224136655;583.839178765271;571.631766983127;502.807898216626;343.890206114631;0;0;0;0;0
2378;534.546224136655;583.839178765271;570.13961479555;502.807898216626;343.890206114631;0;0;0;0;0
2378;534.546224136655;583.839178765271;570.13961479555;502.807898216626;337.298458892652;0;0;0;0;0
2379;534.546224136655;591.798458905359;570.13961479555;502.807898216626;337.298458892652;0;0;0;0;0
2381;532.836368807672;591.798458905359;570.13961479555;502.807898216626;337.298458892652;0;0;0;0;0
2394;532.836368807672;591.798458905359;570.13961479555;500.43203394739;337.298458892652;0;0;0;0;0
2396;532.836368807672;591.798458905359;566.88361639201;500.43203394739;339.209302874747;0;0;0;0;0
2397;530.698929017698;579.74746582306;566.88361639201;500.43203394739;339.209302874747;0;0;0;0;0
2411;530.698929017698;579.74746582306;566.88361639201;498.193164429007;339.209302874747;0;0;0;0;0
2412;530.698929017698;579.74746582306;565.275190791434;498.193164429007;337.558847679651;0;0;0;0;0
2413;528.460059499315;577.7607738718;565.275190791434;498.193164429007;337.558847679651;0;0;0;0;0
2427;528.460059499315;577.7607738718;565.275190791434;495.44993977638;337.558847679651;0;0;0;0;0
2428;528.460059499315;577.7607738718;563.414587623736;495.44993977638;336.833043564005;0;0;0;0;0
2429;525.96901241381;575.647993136979;563.414587623736;495.44993977638;336.833043564005;0;0;0;0;0
2443;525.96901241381;575.647993136979;563.414587623736;492.832803907314;336.833043564005;0;0;0;0;0
2444;525.96901241381;575.647993136979;561.553984456038;492.832803907314;334.341996478499;0;0;0;0;0
2446;524.234498029674;573.283034835035;561.553984456038;492.832803907314;334.341996478499;0;0;0;0;0
2459;524.234498029674;573.283034835035;561.553984456038;490.46784560537;334.341996478499;0;0;0;0;0
2459;524.234498029674;573.283034835035;558.784145292802;490.46784560537;333.261747014985;0;0;0;0;0
2460;524.234498029674;572.008052482831;558.784145292802;490.46784560537;333.261747014985;0;0;0;0;0
2462;522.499983645537;572.008052482831;558.784145292802;490.46784560537;333.261747014985;0;0;0;0;0
2476;522.499983645537;572.008052482831;558.784145292802;488.510725332564;333.261747014985;0;0;0;0;0
2477;522.499983645537;577.81924706901;558.784145292802;488.510725332564;333.261747014985;0;0;0;0;0
2478;522.499983645537;577.81924706901;556.952950143505;488.510725332564;326.392604469171;0;0;0;0;0
2478;519.846138544519;577.81924706901;556.952950143505;488.510725332564;326.392604469171;0;0;0;0;0
2493;518.0712833683;577.81924706901;556.952950143505;484.645146846188;326.392604469171;0;0;0;0;0
2494;518.0712833683;577.81924706901;556.952950143505;484.645146846188;327.733255417447;0;0;0;0;0
2494;518.0712833683;577.81924706901;553.580678326967;484.645146846188;327.733255417447;0;0;0;0;0
2495;518.0712833683;567.253701755586;553.580678326967;484.645146846188;327.733255417447;0;0;0;0;0
